model,accuracy,cv_mean
KNN,0.9333333333333333,0.96
SVM,0.9666666666666667,0.9666666666666666
RandomForest,0.9,0.9666666666666668
LogisticRegression,0.9333333333333333,0.9600000000000002
